{
  "\u03bb=0.0": {
    "id": {
      "pearson": 0.746613093871488,
      "pearson_std": 0.23998830299074672,
      "go_auroc": 0.5223355071973321,
      "n_valid_terms": 557
    },
    "ood": {
      "pearson": 0.7643005639074274,
      "pearson_std": 0.21695488145593705,
      "go_auroc": 0.5146756022659987,
      "n_valid_terms": 510
    }
  },
  "\u03bb=0.05": {
    "id": {
      "pearson": 0.7402367163000502,
      "pearson_std": 0.2389502991462465,
      "go_auroc": 0.5603615345352777,
      "n_valid_terms": 557
    },
    "ood": {
      "pearson": 0.7543382896372752,
      "pearson_std": 0.22107690983145242,
      "go_auroc": 0.5651839657955123,
      "n_valid_terms": 510
    }
  },
  "\u03bb=0.1": {
    "id": {
      "pearson": 0.7229197264421937,
      "pearson_std": 0.2450442890099899,
      "go_auroc": 0.5457037547511743,
      "n_valid_terms": 557
    },
    "ood": {
      "pearson": 0.7396728102111572,
      "pearson_std": 0.22799675395108396,
      "go_auroc": 0.5564971108987243,
      "n_valid_terms": 510
    }
  }
}