{
  "model": "GEARS+HCE (\u03bb=0.3)",
  "overall_test_pearson": 0.7048558370209481,
  "n_conditions": 116,
  "by_split": {
    "combo_seen0": {
      "n": 9,
      "mean_pearson": 0.7388262453718748,
      "std_pearson": 0.06859387879236564,
      "min_pearson": 0.5719651719430672,
      "max_pearson": 0.8037867678713441
    },
    "combo_seen1": {
      "n": 52,
      "mean_pearson": 0.6462561996140459,
      "std_pearson": 0.15737377119355844,
      "min_pearson": 0.16118695524407678,
      "max_pearson": 0.8297979033263883
    },
    "combo_seen2": {
      "n": 18,
      "mean_pearson": 0.6310473012191574,
      "std_pearson": 0.16263305796870753,
      "min_pearson": 0.20310538705429806,
      "max_pearson": 0.8207662627574723
    },
    "unseen_single": {
      "n": 37,
      "mean_pearson": 0.8148558671407533,
      "std_pearson": 0.017518566952595755,
      "min_pearson": 0.7754215369513602,
      "max_pearson": 0.840858256251817
    }
  },
  "per_perturbation": {
    "CEBPE+RUNX1T1": 0.6705131508318659,
    "CBL+PTPN9": 0.7719520309496574,
    "DUSP9+ctrl": 0.807578274955866,
    "MAP2K6+SPI1": 0.7870612752261454,
    "UBASH3B+PTPN12": 0.6390275404918161,
    "BCORL1+ctrl": 0.8335019595107928,
    "CBL+ctrl": 0.8296320141904489,
    "ctrl+SET": 0.8121766288096082,
    "TBX3+TBX2": 0.6596775667071765,
    "DUSP9+MAPK1": 0.6722739728587745,
    "COL2A1+ctrl": 0.8143828040288522,
    "DUSP9+ETS2": 0.5626118967605825,
    "ZNF318+FOXL2": 0.7763625963691264,
    "SET+CEBPE": 0.6500189021515259,
    "UBASH3B+PTPN9": 0.7781785055857723,
    "RHOXF2BB+ctrl": 0.7911753980935183,
    "POU3F2+ctrl": 0.8218266054817496,
    "LYL1+IER5L": 0.7576914738956689,
    "IGDCC3+MAPK1": 0.6718740955192476,
    "CELF2+ctrl": 0.8277665168396375,
    "ZC3HAV1+CEBPE": 0.6689726071746007,
    "CDKN1A+ctrl": 0.8223563046630171,
    "MAPK1+PRTG": 0.6640340711874615,
    "PTPN1+ctrl": 0.8134119964796542,
    "PTPN12+ctrl": 0.8281753379798326,
    "ctrl+MAP7D1": 0.840858256251817,
    "KLF1+COL2A1": 0.8094171996944641,
    "PTPN12+OSR2": 0.6968990426434312,
    "BPGM+SAMD1": 0.23554636241331553,
    "POU3F2+FOXL2": 0.7054381030066206,
    "DUSP9+PRTG": 0.5208971927994485,
    "CKS1B+ctrl": 0.8066781715028434,
    "BCL2L11+TGFBR2": 0.7925295913523905,
    "AHR+KLF1": 0.8207662627574723,
    "CEBPB+CEBPA": 0.33111340745608847,
    "PTPN12+UBASH3A": 0.7312821802563928,
    "FEV+MAP7D1": 0.16118695524407678,
    "PLK4+ctrl": 0.8220144469646319,
    "BPGM+ctrl": 0.8255669969530665,
    "ETS2+CNN1": 0.5654371580496498,
    "C3orf72+ctrl": 0.8056992845312227,
    "CNN1+MAPK1": 0.6701222452370469,
    "FOXL2+MEIS1": 0.702236302143568,
    "FOXL2+ctrl": 0.8109761732873234,
    "PTPN12+PTPN9": 0.7703494560015713,
    "FOSB+CEBPB": 0.7315497404271952,
    "MAP7D1+ctrl": 0.8358894254952565,
    "ctrl+CDKN1A": 0.8278543062782889,
    "SET+KLF1": 0.8297979033263883,
    "PTPN12+SNAI1": 0.6300500896746835,
    "BCL2L11+BAK1": 0.4398262963053081,
    "CNN1+UBASH3A": 0.7242354901301097,
    "ISL2+ctrl": 0.8331576886934191,
    "SAMD1+ZBTB1": 0.23639883658717015,
    "IRF1+SET": 0.7101737041243271,
    "ARID1A+ctrl": 0.7882769789637648,
    "NCL+ctrl": 0.8306226491026412,
    "ctrl+COL2A1": 0.8150692182445974,
    "ZC3HAV1+HOXC13": 0.20310538705429806,
    "CBL+CNN1": 0.7485190314364707,
    "ZBTB10+PTPN12": 0.7787631340686338,
    "CBL+UBASH3B": 0.658842084193372,
    "CEBPB+PTPN12": 0.5719651719430672,
    "BCL2L11+ctrl": 0.8401599347237793,
    "SET+ctrl": 0.8153440491162544,
    "ctrl+SPI1": 0.8003745438071268,
    "CEBPB+MAPK1": 0.6705653149797826,
    "FOSB+UBASH3B": 0.7795342842246195,
    "ETS2+MAPK1": 0.6046319638906914,
    "DUSP9+IGDCC3": 0.49834041243902,
    "CEBPB+ctrl": 0.7888238725974926,
    "CBL+PTPN12": 0.7837731372923992,
    "CEBPB+OSR2": 0.6453171815547528,
    "CEBPE+PTPN12": 0.6503727862599499,
    "DUSP9+KLF1": 0.8127825906780013,
    "CDKN1B+ctrl": 0.8195546916742367,
    "FEV+ISL2": 0.7679394853680022,
    "POU3F2+CBFA2T3": 0.7579992714607138,
    "FOXA1+HOXB9": 0.5737460790098564,
    "ZBTB10+ctrl": 0.7757957419899822,
    "CEBPE+SPI1": 0.6811247141184763,
    "CBL+TGFBR2": 0.808658974648426,
    "FOXA1+FOXL2": 0.6318820266191664,
    "ETS2+MAP7D1": 0.5889102648175462,
    "FOXF1+FOXL2": 0.6995608473122076,
    "ETS2+IKZF3": 0.5675876925808891,
    "ctrl+ISL2": 0.8339608626431807,
    "LYL1+CEBPB": 0.7713361989163615,
    "PTPN12+ZBTB25": 0.6422985000536541,
    "DUSP9+SNAI1": 0.655917228117578,
    "ctrl+CEBPB": 0.780494973263246,
    "RHOXF2BB+ZBTB25": 0.6560116628727819,
    "FOSB+IKZF3": 0.7423445515212379,
    "RHOXF2BB+SET": 0.7166547492058563,
    "FOSB+PTPN12": 0.7677318954637949,
    "ctrl+PTPN12": 0.7964147324751429,
    "SAMD1+PTPN12": 0.23346177623895092,
    "FOXL2+HOXB9": 0.6100664370076389,
    "ZBTB10+ELMSAN1": 0.7139068435493052,
    "JUN+CEBPB": 0.6386135203582574,
    "BPGM+ZBTB1": 0.22258226507084422,
    "ZBTB10+SNAI1": 0.6333658424049335,
    "ctrl+FOXL2": 0.8078343799605382,
    "CEBPE+CEBPB": 0.644232263808883,
    "FOXA3+FOXL2": 0.5945940161033475,
    "CDKN1C+CDKN1B": 0.7917392070304955,
    "CDKN1C+CDKN1A": 0.7164945891138197,
    "SPI1+ctrl": 0.7754215369513602,
    "EGR1+ctrl": 0.8263688591494048,
    "ZBTB10+DLX2": 0.7235141253492356,
    "PLK4+STIL": 0.7656534203598111,
    "CBL+UBASH3A": 0.7590577596988399,
    "CDKN1C+ctrl": 0.8216868052476767,
    "ctrl+CDKN1B": 0.8227846633066044,
    "CDKN1B+CDKN1A": 0.8037867678713441,
    "C3orf72+FOXL2": 0.7808213488146368
  }
}