{
  "\u03bb=0.0": {
    "id": {
      "pearson": 0.37381192373513056,
      "pearson_std": 0.5270463052450536,
      "go_auroc": 0.5347083241312174,
      "monotonicity": 1.0
    },
    "ood": {
      "pearson": 0.4505574569049073,
      "pearson_std": 0.4904321346936563,
      "go_auroc": 0.5564488510765667,
      "monotonicity": 1.0
    }
  },
  "\u03bb=0.05": {
    "id": {
      "pearson": 0.3777270808321919,
      "pearson_std": 0.517444929644022,
      "go_auroc": 0.7456785446924921,
      "monotonicity": 1.0
    },
    "ood": {
      "pearson": 0.4496383569227977,
      "pearson_std": 0.48294918711942303,
      "go_auroc": 0.6642060680993503,
      "monotonicity": 1.0
    }
  },
  "\u03bb=0.1": {
    "id": {
      "pearson": 0.3890491034703609,
      "pearson_std": 0.5163810641218798,
      "go_auroc": 0.762653212088006,
      "monotonicity": 1.0
    },
    "ood": {
      "pearson": 0.45221552230331796,
      "pearson_std": 0.49000990454873294,
      "go_auroc": 0.6874867371508967,
      "monotonicity": 1.0
    }
  },
  "\u03bb=0.3": {
    "id": {
      "pearson": 0.3750393540349177,
      "pearson_std": 0.5214169364875296,
      "go_auroc": 0.7465413465258035,
      "monotonicity": 1.0
    },
    "ood": {
      "pearson": 0.4443590304330665,
      "pearson_std": 0.4942008168818024,
      "go_auroc": 0.6632414943619183,
      "monotonicity": 1.0
    }
  }
}